index,target_lat,target_lon,pano_id,pano_lat,pano_lon,distance_to_pano_m,heading,image_file
0,50.10203546464578,14.39289450645447,gfOcM-I8lkmY3UAn-L6PRw,50.10208139117812,14.39284500678157,6.21,124.18,/Users/enzocampofranco/Library/Mobile Documents/com~apple~CloudDocs/TPS/Stage/Python/Robot_Visual_Navigation_V3/data/streetview/images/streetview_0000.jpg
1,50.10201656046512,14.392937902325583,nn5LMAkfJRkQv31SF9uTYA,50.10202967682938,14.39301740530692,5.85,310.69,/Users/enzocampofranco/Library/Mobile Documents/com~apple~CloudDocs/TPS/Stage/Python/Robot_Visual_Navigation_V3/data/streetview/images/streetview_0001.jpg
2,50.10204612093023,14.392884304651163,gfOcM-I8lkmY3UAn-L6PRw,50.10208139117812,14.39284500678157,4.82,310.69,/Users/enzocampofranco/Library/Mobile Documents/com~apple~CloudDocs/TPS/Stage/Python/Robot_Visual_Navigation_V3/data/streetview/images/streetview_0002.jpg
3,50.10207568139535,14.392830706976746,gfOcM-I8lkmY3UAn-L6PRw,50.10208139117812,14.39284500678157,1.20,310.69,/Users/enzocampofranco/Library/Mobile Documents/com~apple~CloudDocs/TPS/Stage/Python/Robot_Visual_Navigation_V3/data/streetview/images/streetview_0003.jpg
4,50.102105241860464,14.392777109302326,rNuw8QdI95icPCHgmmixKA,50.10213869520126,14.39274056098889,4.54,310.69,/Users/enzocampofranco/Library/Mobile Documents/com~apple~CloudDocs/TPS/Stage/Python/Robot_Visual_Navigation_V3/data/streetview/images/streetview_0004.jpg
5,50.10213480232558,14.392723511627908,rNuw8QdI95icPCHgmmixKA,50.10213869520126,14.39274056098889,1.29,310.69,/Users/enzocampofranco/Library/Mobile Documents/com~apple~CloudDocs/TPS/Stage/Python/Robot_Visual_Navigation_V3/data/streetview/images/streetview_0005.jpg
6,50.102164362790695,14.392669913953489,IY9XNXHNYPd1Bp5YgMs-Tw,50.1021988097968,14.39263097615503,4.73,310.69,/Users/enzocampofranco/Library/Mobile Documents/com~apple~CloudDocs/TPS/Stage/Python/Robot_Visual_Navigation_V3/data/streetview/images/streetview_0006.jpg
7,50.10219392325581,14.39261631627907,IY9XNXHNYPd1Bp5YgMs-Tw,50.1021988097968,14.39263097615503,1.18,310.69,/Users/enzocampofranco/Library/Mobile Documents/com~apple~CloudDocs/TPS/Stage/Python/Robot_Visual_Navigation_V3/data/streetview/images/streetview_0007.jpg
8,50.102223483720934,14.392562718604651,atSg5Enm2blTtS403AZnMw,50.10225650702155,14.39252595143309,4.51,310.69,/Users/enzocampofranco/Library/Mobile Documents/com~apple~CloudDocs/TPS/Stage/Python/Robot_Visual_Navigation_V3/data/streetview/images/streetview_0008.jpg
9,50.10225304418605,14.392509120930233,atSg5Enm2blTtS403AZnMw,50.10225650702155,14.39252595143309,1.26,310.69,/Users/enzocampofranco/Library/Mobile Documents/com~apple~CloudDocs/TPS/Stage/Python/Robot_Visual_Navigation_V3/data/streetview/images/streetview_0009.jpg
10,50.102282604651165,14.392455523255814,7U3uE8VEagi2lsoc-Qgtgg,50.1023149554706,14.39241941526747,4.42,310.69,/Users/enzocampofranco/Library/Mobile Documents/com~apple~CloudDocs/TPS/Stage/Python/Robot_Visual_Navigation_V3/data/streetview/images/streetview_0010.jpg
11,50.10231216511628,14.392401925581396,7U3uE8VEagi2lsoc-Qgtgg,50.1023149554706,14.39241941526747,1.29,310.69,/Users/enzocampofranco/Library/Mobile Documents/com~apple~CloudDocs/TPS/Stage/Python/Robot_Visual_Navigation_V3/data/streetview/images/streetview_0011.jpg
13,50.10237128604651,14.392294730232559,OQl4VHcF5xCa0egYysChKw,50.10237328896588,14.39231315478185,1.33,310.69,/Users/enzocampofranco/Library/Mobile Documents/com~apple~CloudDocs/TPS/Stage/Python/Robot_Visual_Navigation_V3/data/streetview/images/streetview_0013.jpg
14,50.10240084651163,14.392241132558139,TyIip1jsJ3lz8SrC0iqQ1A,50.10243196711957,14.39220606635922,4.27,310.69,/Users/enzocampofranco/Library/Mobile Documents/com~apple~CloudDocs/TPS/Stage/Python/Robot_Visual_Navigation_V3/data/streetview/images/streetview_0014.jpg
15,50.102430406976744,14.392187534883721,TyIip1jsJ3lz8SrC0iqQ1A,50.10243196711957,14.39220606635922,1.33,310.69,/Users/enzocampofranco/Library/Mobile Documents/com~apple~CloudDocs/TPS/Stage/Python/Robot_Visual_Navigation_V3/data/streetview/images/streetview_0015.jpg
16,50.10245996744186,14.392133937209303,CAoSFkNJSE0wb2dLRUlDQWdJRHFxNnFIQ0E.,50.1024769802785,14.39213808353535,1.91,310.69,/Users/enzocampofranco/Library/Mobile Documents/com~apple~CloudDocs/TPS/Stage/Python/Robot_Visual_Navigation_V3/data/streetview/images/streetview_0016.jpg
17,50.102489527906975,14.392080339534884,RJVwsEGf5qEPIv9k2DpDUA,50.10249164836665,14.3920973739384,1.24,310.69,/Users/enzocampofranco/Library/Mobile Documents/com~apple~CloudDocs/TPS/Stage/Python/Robot_Visual_Navigation_V3/data/streetview/images/streetview_0017.jpg
18,50.10251908837209,14.392026741860466,xJ8OXDlhU_XhW6Q1a2uk4A,50.10255040153363,14.39199032423068,4.34,310.69,/Users/enzocampofranco/Library/Mobile Documents/com~apple~CloudDocs/TPS/Stage/Python/Robot_Visual_Navigation_V3/data/streetview/images/streetview_0018.jpg
19,50.10254864883721,14.391973144186046,xJ8OXDlhU_XhW6Q1a2uk4A,50.10255040153363,14.39199032423068,1.24,310.69,/Users/enzocampofranco/Library/Mobile Documents/com~apple~CloudDocs/TPS/Stage/Python/Robot_Visual_Navigation_V3/data/streetview/images/streetview_0019.jpg
20,50.10257820930232,14.391919546511629,QViZyHVjPGtVUcF-kNMh1A,50.10260874808734,14.39188395781863,4.24,310.69,/Users/enzocampofranco/Library/Mobile Documents/com~apple~CloudDocs/TPS/Stage/Python/Robot_Visual_Navigation_V3/data/streetview/images/streetview_0020.jpg
21,50.10260776976744,14.391865948837209,QViZyHVjPGtVUcF-kNMh1A,50.10260874808734,14.39188395781863,1.29,310.69,/Users/enzocampofranco/Library/Mobile Documents/com~apple~CloudDocs/TPS/Stage/Python/Robot_Visual_Navigation_V3/data/streetview/images/streetview_0021.jpg
22,50.10263733023256,14.391812351162791,VENk61QWZZn9gP-FpjTPeA,50.1026670062118,14.39177765703856,4.12,310.69,/Users/enzocampofranco/Library/Mobile Documents/com~apple~CloudDocs/TPS/Stage/Python/Robot_Visual_Navigation_V3/data/streetview/images/streetview_0022.jpg
23,50.10266689069768,14.391758753488372,VENk61QWZZn9gP-FpjTPeA,50.1026670062118,14.39177765703856,1.35,310.69,/Users/enzocampofranco/Library/Mobile Documents/com~apple~CloudDocs/TPS/Stage/Python/Robot_Visual_Navigation_V3/data/streetview/images/streetview_0023.jpg
24,50.10269645116279,14.391705155813954,Gv8VxIjdWo1YwsMd91rpVg,50.10272582553431,14.39167008152668,4.11,310.69,/Users/enzocampofranco/Library/Mobile Documents/com~apple~CloudDocs/TPS/Stage/Python/Robot_Visual_Navigation_V3/data/streetview/images/streetview_0024.jpg
25,50.10272601162791,14.391651558139534,Gv8VxIjdWo1YwsMd91rpVg,50.10272582553431,14.39167008152668,1.32,310.69,/Users/enzocampofranco/Library/Mobile Documents/com~apple~CloudDocs/TPS/Stage/Python/Robot_Visual_Navigation_V3/data/streetview/images/streetview_0025.jpg
26,50.102755572093024,14.391597960465116,AKgB30PtZK5m3aHWjbYbgw,50.10278524138503,14.39156158552317,4.20,310.69,/Users/enzocampofranco/Library/Mobile Documents/com~apple~CloudDocs/TPS/Stage/Python/Robot_Visual_Navigation_V3/data/streetview/images/streetview_0026.jpg
27,50.10278513255814,14.391544362790697,AKgB30PtZK5m3aHWjbYbgw,50.10278524138503,14.39156158552317,1.23,310.69,/Users/enzocampofranco/Library/Mobile Documents/com~apple~CloudDocs/TPS/Stage/Python/Robot_Visual_Navigation_V3/data/streetview/images/streetview_0027.jpg
28,50.102814693023255,14.391490765116279,CAoSFkNJSE0wb2dLRUlDQWdJRHFxNnFITUE.,50.10282101460038,14.39149639561122,0.81,310.69,/Users/enzocampofranco/Library/Mobile Documents/com~apple~CloudDocs/TPS/Stage/Python/Robot_Visual_Navigation_V3/data/streetview/images/streetview_0028.jpg
29,50.10284425348837,14.391437167441861,VCqi7NHaIAlVrIKk3hB2pA,50.1028437291593,14.3914547322524,1.25,310.69,/Users/enzocampofranco/Library/Mobile Documents/com~apple~CloudDocs/TPS/Stage/Python/Robot_Visual_Navigation_V3/data/streetview/images/streetview_0029.jpg
30,50.10287381395349,14.391383569767441,VWgGIWg7JOEMfTs0ElZuTg,50.10290264996571,14.39134698517541,4.13,310.69,/Users/enzocampofranco/Library/Mobile Documents/com~apple~CloudDocs/TPS/Stage/Python/Robot_Visual_Navigation_V3/data/streetview/images/streetview_0030.jpg
31,50.1029033744186,14.391329972093024,VWgGIWg7JOEMfTs0ElZuTg,50.10290264996571,14.39134698517541,1.22,310.69,/Users/enzocampofranco/Library/Mobile Documents/com~apple~CloudDocs/TPS/Stage/Python/Robot_Visual_Navigation_V3/data/streetview/images/streetview_0031.jpg
32,50.10293293488372,14.391276374418604,OfBJRDuqeTOlgsxeGkcmiA,50.1029614425572,14.39123961880518,4.11,310.69,/Users/enzocampofranco/Library/Mobile Documents/com~apple~CloudDocs/TPS/Stage/Python/Robot_Visual_Navigation_V3/data/streetview/images/streetview_0032.jpg
33,50.102962495348834,14.391222776744186,OfBJRDuqeTOlgsxeGkcmiA,50.1029614425572,14.39123961880518,1.21,310.69,/Users/enzocampofranco/Library/Mobile Documents/com~apple~CloudDocs/TPS/Stage/Python/Robot_Visual_Navigation_V3/data/streetview/images/streetview_0033.jpg
34,50.10299205581395,14.391169179069767,x9TPbWSzQPmVp4Qhjq3Tsg,50.10301881213667,14.39113464457326,3.86,310.69,/Users/enzocampofranco/Library/Mobile Documents/com~apple~CloudDocs/TPS/Stage/Python/Robot_Visual_Navigation_V3/data/streetview/images/streetview_0034.jpg
35,50.103021616279065,14.391115581395349,x9TPbWSzQPmVp4Qhjq3Tsg,50.10301881213667,14.39113464457326,1.39,310.69,/Users/enzocampofranco/Library/Mobile Documents/com~apple~CloudDocs/TPS/Stage/Python/Robot_Visual_Navigation_V3/data/streetview/images/streetview_0035.jpg
36,50.10305117674419,14.39106198372093,uuUizRcQrH9p8MCO6oI_Ag,50.10308000864998,14.39102282230069,4.25,310.69,/Users/enzocampofranco/Library/Mobile Documents/com~apple~CloudDocs/TPS/Stage/Python/Robot_Visual_Navigation_V3/data/streetview/images/streetview_0036.jpg
37,50.103080737209304,14.391008386046511,uuUizRcQrH9p8MCO6oI_Ag,50.10308000864998,14.39102282230069,1.03,310.69,/Users/enzocampofranco/Library/Mobile Documents/com~apple~CloudDocs/TPS/Stage/Python/Robot_Visual_Navigation_V3/data/streetview/images/streetview_0037.jpg
38,50.10311029767442,14.390954788372092,rzw2Q_CpxPei2kj6lfZWIg,50.10314723282903,14.39090003824507,5.67,310.69,/Users/enzocampofranco/Library/Mobile Documents/com~apple~CloudDocs/TPS/Stage/Python/Robot_Visual_Navigation_V3/data/streetview/images/streetview_0038.jpg
39,50.103139858139535,14.390901190697674,rzw2Q_CpxPei2kj6lfZWIg,50.10314723282903,14.39090003824507,0.82,310.69,/Users/enzocampofranco/Library/Mobile Documents/com~apple~CloudDocs/TPS/Stage/Python/Robot_Visual_Navigation_V3/data/streetview/images/streetview_0039.jpg
40,50.10316941860465,14.390847593023254,rzw2Q_CpxPei2kj6lfZWIg,50.10314723282903,14.39090003824507,4.48,310.69,/Users/enzocampofranco/Library/Mobile Documents/com~apple~CloudDocs/TPS/Stage/Python/Robot_Visual_Navigation_V3/data/streetview/images/streetview_0040.jpg
41,50.10319897906977,14.390793995348837,cpcDuicr3uWoMheEhLueZg,50.10320584844722,14.39079280264703,0.77,310.69,/Users/enzocampofranco/Library/Mobile Documents/com~apple~CloudDocs/TPS/Stage/Python/Robot_Visual_Navigation_V3/data/streetview/images/streetview_0041.jpg
42,50.10322853953488,14.390740397674417,cpcDuicr3uWoMheEhLueZg,50.10320584844722,14.39079280264703,4.51,127.24,/Users/enzocampofranco/Library/Mobile Documents/com~apple~CloudDocs/TPS/Stage/Python/Robot_Visual_Navigation_V3/data/streetview/images/streetview_0042.jpg
43,50.10320878277395,14.390780925750732,cpcDuicr3uWoMheEhLueZg,50.10320584844722,14.39079280264703,0.91,127.24,/Users/enzocampofranco/Library/Mobile Documents/com~apple~CloudDocs/TPS/Stage/Python/Robot_Visual_Navigation_V3/data/streetview/images/streetview_0043.jpg
