source_index,source_lat,source_lon,source_current_pano_id,source_current_image_file,candidate_rank,historical_pano_id,historical_date,historical_lat,historical_lon,distance_to_source_m,heading,pitch,roll,search_status,error
0,50.10203546464578,14.39289450645447,gfOcM-I8lkmY3UAn-L6PRw,/Users/enzocampofranco/Library/Mobile Documents/com~apple~CloudDocs/TPS/Stage/Python/Robot_Visual_Navigation_V3/data/streetview/images/streetview_0000.jpg,0,KF_9v-wrbuacv24KU9DGzw,2014-05,50.10206917216939,14.39286505275209,4.297,322.796142578125,89.9361572265625,1.122452139854431,ok,
0,50.10203546464578,14.39289450645447,gfOcM-I8lkmY3UAn-L6PRw,/Users/enzocampofranco/Library/Mobile Documents/com~apple~CloudDocs/TPS/Stage/Python/Robot_Visual_Navigation_V3/data/streetview/images/streetview_0000.jpg,1,4zun1HTkrEMSTtFYhnLChg,2009-05,50.10208825056291,14.39282048667071,7.894,311.7889709472656,91.61907958984375,359.6485290527344,ok,
0,50.10203546464578,14.39289450645447,gfOcM-I8lkmY3UAn-L6PRw,/Users/enzocampofranco/Library/Mobile Documents/com~apple~CloudDocs/TPS/Stage/Python/Robot_Visual_Navigation_V3/data/streetview/images/streetview_0000.jpg,2,LGZflfisT1UuAFIPdKf9OQ,2011-08,50.10210126473553,14.39280365388944,9.774,310.4418640136719,89.33309936523438,359.5214233398438,ok,
1,50.10201656046512,14.392937902325583,nn5LMAkfJRkQv31SF9uTYA,/Users/enzocampofranco/Library/Mobile Documents/com~apple~CloudDocs/TPS/Stage/Python/Robot_Visual_Navigation_V3/data/streetview/images/streetview_0001.jpg,0,G890yIR0e-dRTrMgMOFejA,2011-08,50.10201753524907,14.39300133456046,4.525,46.29557418823242,89.36341857910156,0.3710813224315643,ok,
1,50.10201656046512,14.392937902325583,nn5LMAkfJRkQv31SF9uTYA,/Users/enzocampofranco/Library/Mobile Documents/com~apple~CloudDocs/TPS/Stage/Python/Robot_Visual_Navigation_V3/data/streetview/images/streetview_0001.jpg,1,RRKMbhrTt00cLOEhVmK47g,2014-05,50.10203129764556,14.39303056412051,6.809,235.720458984375,90.33873748779297,359.5657043457031,ok,
1,50.10201656046512,14.392937902325583,nn5LMAkfJRkQv31SF9uTYA,/Users/enzocampofranco/Library/Mobile Documents/com~apple~CloudDocs/TPS/Stage/Python/Robot_Visual_Navigation_V3/data/streetview/images/streetview_0001.jpg,2,o7MvLuYUPVksjbGPboYYtA,2009-06,50.1020278011846,14.39305000958141,8.093,39.90000534057617,91.21516418457031,0.404764324426651,ok,
2,50.10204612093023,14.392884304651163,gfOcM-I8lkmY3UAn-L6PRw,/Users/enzocampofranco/Library/Mobile Documents/com~apple~CloudDocs/TPS/Stage/Python/Robot_Visual_Navigation_V3/data/streetview/images/streetview_0002.jpg,0,KF_9v-wrbuacv24KU9DGzw,2014-05,50.10206917216939,14.39286505275209,2.908,322.796142578125,89.9361572265625,1.122452139854431,ok,
2,50.10204612093023,14.392884304651163,gfOcM-I8lkmY3UAn-L6PRw,/Users/enzocampofranco/Library/Mobile Documents/com~apple~CloudDocs/TPS/Stage/Python/Robot_Visual_Navigation_V3/data/streetview/images/streetview_0002.jpg,1,4zun1HTkrEMSTtFYhnLChg,2009-05,50.10208825056291,14.39282048667071,6.532,311.7889709472656,91.61907958984375,359.6485290527344,ok,
2,50.10204612093023,14.392884304651163,gfOcM-I8lkmY3UAn-L6PRw,/Users/enzocampofranco/Library/Mobile Documents/com~apple~CloudDocs/TPS/Stage/Python/Robot_Visual_Navigation_V3/data/streetview/images/streetview_0002.jpg,2,LGZflfisT1UuAFIPdKf9OQ,2011-08,50.10210126473553,14.39280365388944,8.408,310.4418640136719,89.33309936523438,359.5214233398438,ok,
3,50.10207568139535,14.392830706976746,gfOcM-I8lkmY3UAn-L6PRw,/Users/enzocampofranco/Library/Mobile Documents/com~apple~CloudDocs/TPS/Stage/Python/Robot_Visual_Navigation_V3/data/streetview/images/streetview_0003.jpg,0,4zun1HTkrEMSTtFYhnLChg,2009-05,50.10208825056291,14.39282048667071,1.576,311.7889709472656,91.61907958984375,359.6485290527344,ok,
3,50.10207568139535,14.392830706976746,gfOcM-I8lkmY3UAn-L6PRw,/Users/enzocampofranco/Library/Mobile Documents/com~apple~CloudDocs/TPS/Stage/Python/Robot_Visual_Navigation_V3/data/streetview/images/streetview_0003.jpg,1,KF_9v-wrbuacv24KU9DGzw,2014-05,50.10206917216939,14.39286505275209,2.554,322.796142578125,89.9361572265625,1.122452139854431,ok,
3,50.10207568139535,14.392830706976746,gfOcM-I8lkmY3UAn-L6PRw,/Users/enzocampofranco/Library/Mobile Documents/com~apple~CloudDocs/TPS/Stage/Python/Robot_Visual_Navigation_V3/data/streetview/images/streetview_0003.jpg,2,LGZflfisT1UuAFIPdKf9OQ,2011-08,50.10210126473553,14.39280365388944,3.437,310.4418640136719,89.33309936523438,359.5214233398438,ok,
4,50.102105241860464,14.392777109302326,rNuw8QdI95icPCHgmmixKA,/Users/enzocampofranco/Library/Mobile Documents/com~apple~CloudDocs/TPS/Stage/Python/Robot_Visual_Navigation_V3/data/streetview/images/streetview_0004.jpg,0,Zq__-KrsxjDMjUm1yqh2UA,2011-08,50.10213378567725,14.39274583659792,3.879,309.7293701171875,89.33851623535156,359.8870239257812,ok,
4,50.102105241860464,14.392777109302326,rNuw8QdI95icPCHgmmixKA,/Users/enzocampofranco/Library/Mobile Documents/com~apple~CloudDocs/TPS/Stage/Python/Robot_Visual_Navigation_V3/data/streetview/images/streetview_0004.jpg,1,9RpWi8LBgwzH7vVYlE2BZw,2014-05,50.1021431496879,14.39273381672737,5.225,309.2731628417969,89.653564453125,0.5992851853370667,ok,
4,50.102105241860464,14.392777109302326,rNuw8QdI95icPCHgmmixKA,/Users/enzocampofranco/Library/Mobile Documents/com~apple~CloudDocs/TPS/Stage/Python/Robot_Visual_Navigation_V3/data/streetview/images/streetview_0004.jpg,2,WqNn3jUQ6jhXhX9i9nwn0A,2009-05,50.10215091009225,14.3927154754675,6.716,311.255859375,90.9833755493164,0.366439163684845,ok,
5,50.10213480232558,14.392723511627908,rNuw8QdI95icPCHgmmixKA,/Users/enzocampofranco/Library/Mobile Documents/com~apple~CloudDocs/TPS/Stage/Python/Robot_Visual_Navigation_V3/data/streetview/images/streetview_0005.jpg,0,9RpWi8LBgwzH7vVYlE2BZw,2014-05,50.1021431496879,14.39273381672737,1.184,309.2731628417969,89.653564453125,0.5992851853370667,ok,
5,50.10213480232558,14.392723511627908,rNuw8QdI95icPCHgmmixKA,/Users/enzocampofranco/Library/Mobile Documents/com~apple~CloudDocs/TPS/Stage/Python/Robot_Visual_Navigation_V3/data/streetview/images/streetview_0005.jpg,1,Zq__-KrsxjDMjUm1yqh2UA,2011-08,50.10213378567725,14.39274583659792,1.596,309.7293701171875,89.33851623535156,359.8870239257812,ok,
5,50.10213480232558,14.392723511627908,rNuw8QdI95icPCHgmmixKA,/Users/enzocampofranco/Library/Mobile Documents/com~apple~CloudDocs/TPS/Stage/Python/Robot_Visual_Navigation_V3/data/streetview/images/streetview_0005.jpg,2,WqNn3jUQ6jhXhX9i9nwn0A,2009-05,50.10215091009225,14.3927154754675,1.881,311.255859375,90.9833755493164,0.366439163684845,ok,
6,50.102164362790695,14.392669913953489,IY9XNXHNYPd1Bp5YgMs-Tw,/Users/enzocampofranco/Library/Mobile Documents/com~apple~CloudDocs/TPS/Stage/Python/Robot_Visual_Navigation_V3/data/streetview/images/streetview_0006.jpg,0,owLFrxNx14S_585zOhENuA,2011-08,50.10219635726465,14.39263327930793,4.414,309.8973388671875,89.47758483886719,0.07633780688047409,ok,
6,50.102164362790695,14.392669913953489,IY9XNXHNYPd1Bp5YgMs-Tw,/Users/enzocampofranco/Library/Mobile Documents/com~apple~CloudDocs/TPS/Stage/Python/Robot_Visual_Navigation_V3/data/streetview/images/streetview_0006.jpg,1,-JJ2Iwoc9N-sZ3uWzfmDfg,2014-05,50.10220569978298,14.39261128543023,6.214,307.2321472167969,89.18111419677734,359.9812622070312,ok,
6,50.102164362790695,14.392669913953489,IY9XNXHNYPd1Bp5YgMs-Tw,/Users/enzocampofranco/Library/Mobile Documents/com~apple~CloudDocs/TPS/Stage/Python/Robot_Visual_Navigation_V3/data/streetview/images/streetview_0006.jpg,2,wkbJRVSuiD2e-vZQ6NorlQ,2009-05,50.10221524489103,14.39260036742967,7.524,311.9626770019531,90.92585754394531,0.02223992347717285,ok,
7,50.10219392325581,14.39261631627907,IY9XNXHNYPd1Bp5YgMs-Tw,/Users/enzocampofranco/Library/Mobile Documents/com~apple~CloudDocs/TPS/Stage/Python/Robot_Visual_Navigation_V3/data/streetview/images/streetview_0007.jpg,0,owLFrxNx14S_585zOhENuA,2011-08,50.10219635726465,14.39263327930793,1.24,309.8973388671875,89.47758483886719,0.07633780688047409,ok,
7,50.10219392325581,14.39261631627907,IY9XNXHNYPd1Bp5YgMs-Tw,/Users/enzocampofranco/Library/Mobile Documents/com~apple~CloudDocs/TPS/Stage/Python/Robot_Visual_Navigation_V3/data/streetview/images/streetview_0007.jpg,1,-JJ2Iwoc9N-sZ3uWzfmDfg,2014-05,50.10220569978298,14.39261128543023,1.358,307.2321472167969,89.18111419677734,359.9812622070312,ok,
7,50.10219392325581,14.39261631627907,IY9XNXHNYPd1Bp5YgMs-Tw,/Users/enzocampofranco/Library/Mobile Documents/com~apple~CloudDocs/TPS/Stage/Python/Robot_Visual_Navigation_V3/data/streetview/images/streetview_0007.jpg,2,wkbJRVSuiD2e-vZQ6NorlQ,2009-05,50.10221524489103,14.39260036742967,2.63,311.9626770019531,90.92585754394531,0.02223992347717285,ok,
8,50.102223483720934,14.392562718604651,atSg5Enm2blTtS403AZnMw,/Users/enzocampofranco/Library/Mobile Documents/com~apple~CloudDocs/TPS/Stage/Python/Robot_Visual_Navigation_V3/data/streetview/images/streetview_0008.jpg,0,tTKFeKSJr5CCWwCBWMuvpA,2014-05,50.1022557698039,14.39251403704839,4.994,308.8215026855469,89.18559265136719,359.6986999511719,ok,
8,50.102223483720934,14.392562718604651,atSg5Enm2blTtS403AZnMw,/Users/enzocampofranco/Library/Mobile Documents/com~apple~CloudDocs/TPS/Stage/Python/Robot_Visual_Navigation_V3/data/streetview/images/streetview_0008.jpg,1,jasN80li14afpidqdbwmag,2011-08,50.10226118261974,14.39251618809429,5.347,309.6900939941406,89.51181030273438,0.01863325387239456,ok,
8,50.102223483720934,14.392562718604651,atSg5Enm2blTtS403AZnMw,/Users/enzocampofranco/Library/Mobile Documents/com~apple~CloudDocs/TPS/Stage/Python/Robot_Visual_Navigation_V3/data/streetview/images/streetview_0008.jpg,2,SV6hSSJdHVFTsDgd2BqaAQ,2009-05,50.10227327766826,14.39249965946049,7.133,311.3687438964844,90.61083984375,0.4266628623008728,ok,
9,50.10225304418605,14.392509120930233,atSg5Enm2blTtS403AZnMw,/Users/enzocampofranco/Library/Mobile Documents/com~apple~CloudDocs/TPS/Stage/Python/Robot_Visual_Navigation_V3/data/streetview/images/streetview_0009.jpg,0,tTKFeKSJr5CCWwCBWMuvpA,2014-05,50.1022557698039,14.39251403704839,0.463,308.8215026855469,89.18559265136719,359.6986999511719,ok,
9,50.10225304418605,14.392509120930233,atSg5Enm2blTtS403AZnMw,/Users/enzocampofranco/Library/Mobile Documents/com~apple~CloudDocs/TPS/Stage/Python/Robot_Visual_Navigation_V3/data/streetview/images/streetview_0009.jpg,1,jasN80li14afpidqdbwmag,2011-08,50.10226118261974,14.39251618809429,1.036,309.6900939941406,89.51181030273438,0.01863325387239456,ok,
9,50.10225304418605,14.392509120930233,atSg5Enm2blTtS403AZnMw,/Users/enzocampofranco/Library/Mobile Documents/com~apple~CloudDocs/TPS/Stage/Python/Robot_Visual_Navigation_V3/data/streetview/images/streetview_0009.jpg,2,SV6hSSJdHVFTsDgd2BqaAQ,2009-05,50.10227327766826,14.39249965946049,2.349,311.3687438964844,90.61083984375,0.4266628623008728,ok,
10,50.102282604651165,14.392455523255814,7U3uE8VEagi2lsoc-Qgtgg,/Users/enzocampofranco/Library/Mobile Documents/com~apple~CloudDocs/TPS/Stage/Python/Robot_Visual_Navigation_V3/data/streetview/images/streetview_0010.jpg,0,FXMA_sHF9T8lfjypGDAAmg,2014-05,50.10232378117554,14.3923939055276,6.346,311.2836608886719,89.88850402832031,359.9490051269531,ok,
10,50.102282604651165,14.392455523255814,7U3uE8VEagi2lsoc-Qgtgg,/Users/enzocampofranco/Library/Mobile Documents/com~apple~CloudDocs/TPS/Stage/Python/Robot_Visual_Navigation_V3/data/streetview/images/streetview_0010.jpg,1,ftwzFbk2G24lpjy3nJCXQQ,2011-08,50.10232713488038,14.3923958782962,6.528,309.4984436035156,89.63296508789062,0.05210581049323082,ok,
10,50.102282604651165,14.392455523255814,7U3uE8VEagi2lsoc-Qgtgg,/Users/enzocampofranco/Library/Mobile Documents/com~apple~CloudDocs/TPS/Stage/Python/Robot_Visual_Navigation_V3/data/streetview/images/streetview_0010.jpg,2,VPrk73e_7IXFKNnbj8ZikA,2009-05,50.10234117837727,14.39238294033512,8.32,310.0852661132812,91.87360382080078,0.1920804977416992,ok,
11,50.10231216511628,14.392401925581396,7U3uE8VEagi2lsoc-Qgtgg,/Users/enzocampofranco/Library/Mobile Documents/com~apple~CloudDocs/TPS/Stage/Python/Robot_Visual_Navigation_V3/data/streetview/images/streetview_0011.jpg,0,FXMA_sHF9T8lfjypGDAAmg,2014-05,50.10232378117554,14.3923939055276,1.413,311.2836608886719,89.88850402832031,359.9490051269531,ok,
11,50.10231216511628,14.392401925581396,7U3uE8VEagi2lsoc-Qgtgg,/Users/enzocampofranco/Library/Mobile Documents/com~apple~CloudDocs/TPS/Stage/Python/Robot_Visual_Navigation_V3/data/streetview/images/streetview_0011.jpg,1,ftwzFbk2G24lpjy3nJCXQQ,2011-08,50.10232713488038,14.3923958782962,1.72,309.4984436035156,89.63296508789062,0.05210581049323082,ok,
11,50.10231216511628,14.392401925581396,7U3uE8VEagi2lsoc-Qgtgg,/Users/enzocampofranco/Library/Mobile Documents/com~apple~CloudDocs/TPS/Stage/Python/Robot_Visual_Navigation_V3/data/streetview/images/streetview_0011.jpg,2,VPrk73e_7IXFKNnbj8ZikA,2009-05,50.10234117837727,14.39238294033512,3.499,310.0852661132812,91.87360382080078,0.1920804977416992,ok,
13,50.10237128604651,14.392294730232559,OQl4VHcF5xCa0egYysChKw,/Users/enzocampofranco/Library/Mobile Documents/com~apple~CloudDocs/TPS/Stage/Python/Robot_Visual_Navigation_V3/data/streetview/images/streetview_0013.jpg,0,HwosgjcP0ykcUYMEzf_xqg,2009-05,50.10238013803163,14.3923128084658,1.622,309.4103088378906,91.55638885498047,0.2984552979469299,ok,
13,50.10237128604651,14.392294730232559,OQl4VHcF5xCa0egYysChKw,/Users/enzocampofranco/Library/Mobile Documents/com~apple~CloudDocs/TPS/Stage/Python/Robot_Visual_Navigation_V3/data/streetview/images/streetview_0013.jpg,1,N-R0imUwsND0zsDXbXtIyg,2014-05,50.10236195411338,14.39232683361999,2.514,310.224365234375,90.01774597167969,0.1410835534334183,ok,
13,50.10237128604651,14.392294730232559,OQl4VHcF5xCa0egYysChKw,/Users/enzocampofranco/Library/Mobile Documents/com~apple~CloudDocs/TPS/Stage/Python/Robot_Visual_Navigation_V3/data/streetview/images/streetview_0013.jpg,2,UA6ActifE44Irq0r5oKbmg,2011-08,50.1023930119599,14.3922755290414,2.777,309.4553833007812,89.36936950683594,0.4149295091629028,ok,
14,50.10240084651163,14.392241132558139,TyIip1jsJ3lz8SrC0iqQ1A,/Users/enzocampofranco/Library/Mobile Documents/com~apple~CloudDocs/TPS/Stage/Python/Robot_Visual_Navigation_V3/data/streetview/images/streetview_0014.jpg,0,N9KLuM_NOTi0kTlFOtofwA,2011-08,50.10242481693639,14.39221767366618,3.147,309.3013916015625,89.24958038330078,0.3682768642902374,ok,
14,50.10240084651163,14.392241132558139,TyIip1jsJ3lz8SrC0iqQ1A,/Users/enzocampofranco/Library/Mobile Documents/com~apple~CloudDocs/TPS/Stage/Python/Robot_Visual_Navigation_V3/data/streetview/images/streetview_0014.jpg,1,zqdFBa9agJeoBx4zAI7XOw,2009-05,50.10244657208563,14.3921880479258,6.339,309.7499084472656,91.03936767578125,0.7680310606956482,ok,
14,50.10240084651163,14.392241132558139,TyIip1jsJ3lz8SrC0iqQ1A,/Users/enzocampofranco/Library/Mobile Documents/com~apple~CloudDocs/TPS/Stage/Python/Robot_Visual_Navigation_V3/data/streetview/images/streetview_0014.jpg,2,S_30dXXpEU1rHAPsAA3UVg,2014-05,50.10244794297014,14.39216894923002,7.344,309.4703979492188,89.80654907226562,0.5889760255813599,ok,
15,50.102430406976744,14.392187534883721,TyIip1jsJ3lz8SrC0iqQ1A,/Users/enzocampofranco/Library/Mobile Documents/com~apple~CloudDocs/TPS/Stage/Python/Robot_Visual_Navigation_V3/data/streetview/images/streetview_0015.jpg,0,zqdFBa9agJeoBx4zAI7XOw,2009-05,50.10244657208563,14.3921880479258,1.798,309.7499084472656,91.03936767578125,0.7680310606956482,ok,
15,50.102430406976744,14.392187534883721,TyIip1jsJ3lz8SrC0iqQ1A,/Users/enzocampofranco/Library/Mobile Documents/com~apple~CloudDocs/TPS/Stage/Python/Robot_Visual_Navigation_V3/data/streetview/images/streetview_0015.jpg,1,N9KLuM_NOTi0kTlFOtofwA,2011-08,50.10242481693639,14.39221767366618,2.238,309.3013916015625,89.24958038330078,0.3682768642902374,ok,
15,50.102430406976744,14.392187534883721,TyIip1jsJ3lz8SrC0iqQ1A,/Users/enzocampofranco/Library/Mobile Documents/com~apple~CloudDocs/TPS/Stage/Python/Robot_Visual_Navigation_V3/data/streetview/images/streetview_0015.jpg,2,S_30dXXpEU1rHAPsAA3UVg,2014-05,50.10244794297014,14.39216894923002,2.358,309.4703979492188,89.80654907226562,0.5889760255813599,ok,
16,50.10245996744186,14.392133937209303,CAoSFkNJSE0wb2dLRUlDQWdJRHFxNnFIQ0E.,/Users/enzocampofranco/Library/Mobile Documents/com~apple~CloudDocs/TPS/Stage/Python/Robot_Visual_Navigation_V3/data/streetview/images/streetview_0016.jpg,0,-2zj8-q1Zj5AMIaSILabew,2014-05,50.10248291649624,14.39210502212039,3.281,309.6012268066406,89.721923828125,0.5448756217956543,ok,
16,50.10245996744186,14.392133937209303,CAoSFkNJSE0wb2dLRUlDQWdJRHFxNnFIQ0E.,/Users/enzocampofranco/Library/Mobile Documents/com~apple~CloudDocs/TPS/Stage/Python/Robot_Visual_Navigation_V3/data/streetview/images/streetview_0016.jpg,1,j03hHzm7SITi7V-N6J7m8w,2011-08,50.10248886438747,14.39210039982437,4.006,309.635986328125,89.15255737304688,0.5010389685630798,ok,
16,50.10245996744186,14.392133937209303,CAoSFkNJSE0wb2dLRUlDQWdJRHFxNnFIQ0E.,/Users/enzocampofranco/Library/Mobile Documents/com~apple~CloudDocs/TPS/Stage/Python/Robot_Visual_Navigation_V3/data/streetview/images/streetview_0016.jpg,2,7qzjuZ7qF0rwxzqFaE-6vw,2009-05,50.10251062854373,14.39206753240684,7.36,310.3280029296875,90.5866928100586,0.5660917162895203,ok,
17,50.102489527906975,14.392080339534884,RJVwsEGf5qEPIv9k2DpDUA,/Users/enzocampofranco/Library/Mobile Documents/com~apple~CloudDocs/TPS/Stage/Python/Robot_Visual_Navigation_V3/data/streetview/images/streetview_0017.jpg,0,j03hHzm7SITi7V-N6J7m8w,2011-08,50.10248886438747,14.39210039982437,1.433,309.635986328125,89.15255737304688,0.5010389685630798,ok,
17,50.102489527906975,14.392080339534884,RJVwsEGf5qEPIv9k2DpDUA,/Users/enzocampofranco/Library/Mobile Documents/com~apple~CloudDocs/TPS/Stage/Python/Robot_Visual_Navigation_V3/data/streetview/images/streetview_0017.jpg,1,-2zj8-q1Zj5AMIaSILabew,2014-05,50.10248291649624,14.39210502212039,1.908,309.6012268066406,89.721923828125,0.5448756217956543,ok,
17,50.102489527906975,14.392080339534884,RJVwsEGf5qEPIv9k2DpDUA,/Users/enzocampofranco/Library/Mobile Documents/com~apple~CloudDocs/TPS/Stage/Python/Robot_Visual_Navigation_V3/data/streetview/images/streetview_0017.jpg,2,7qzjuZ7qF0rwxzqFaE-6vw,2009-05,50.10251062854373,14.39206753240684,2.518,310.3280029296875,90.5866928100586,0.5660917162895203,ok,
18,50.10251908837209,14.392026741860466,xJ8OXDlhU_XhW6Q1a2uk4A,/Users/enzocampofranco/Library/Mobile Documents/com~apple~CloudDocs/TPS/Stage/Python/Robot_Visual_Navigation_V3/data/streetview/images/streetview_0018.jpg,0,VrYlJ4sbSPW8oVsfibUqfg,2009-05,50.10253032051575,14.39203078586154,1.282,310.3094787597656,90.94051361083984,0.3876911699771881,ok,
18,50.10251908837209,14.392026741860466,xJ8OXDlhU_XhW6Q1a2uk4A,/Users/enzocampofranco/Library/Mobile Documents/com~apple~CloudDocs/TPS/Stage/Python/Robot_Visual_Navigation_V3/data/streetview/images/streetview_0018.jpg,1,YwB-2nSFmg6_aQWLC2dXwA,2011-08,50.10255292939021,14.39198425430841,4.831,309.684814453125,89.2508544921875,0.3498130738735199,ok,
18,50.10251908837209,14.392026741860466,xJ8OXDlhU_XhW6Q1a2uk4A,/Users/enzocampofranco/Library/Mobile Documents/com~apple~CloudDocs/TPS/Stage/Python/Robot_Visual_Navigation_V3/data/streetview/images/streetview_0018.jpg,2,ispWWKq2PQI-_fxJbLIcxw,2014-05,50.10255502446962,14.39197336912572,5.519,309.8789978027344,89.47279357910156,0.4903857707977295,ok,
19,50.10254864883721,14.391973144186046,xJ8OXDlhU_XhW6Q1a2uk4A,/Users/enzocampofranco/Library/Mobile Documents/com~apple~CloudDocs/TPS/Stage/Python/Robot_Visual_Navigation_V3/data/streetview/images/streetview_0019.jpg,0,ispWWKq2PQI-_fxJbLIcxw,2014-05,50.10255502446962,14.39197336912572,0.709,309.8789978027344,89.47279357910156,0.4903857707977295,ok,
19,50.10254864883721,14.391973144186046,xJ8OXDlhU_XhW6Q1a2uk4A,/Users/enzocampofranco/Library/Mobile Documents/com~apple~CloudDocs/TPS/Stage/Python/Robot_Visual_Navigation_V3/data/streetview/images/streetview_0019.jpg,1,YwB-2nSFmg6_aQWLC2dXwA,2011-08,50.10255292939021,14.39198425430841,0.924,309.684814453125,89.2508544921875,0.3498130738735199,ok,
19,50.10254864883721,14.391973144186046,xJ8OXDlhU_XhW6Q1a2uk4A,/Users/enzocampofranco/Library/Mobile Documents/com~apple~CloudDocs/TPS/Stage/Python/Robot_Visual_Navigation_V3/data/streetview/images/streetview_0019.jpg,2,VrYlJ4sbSPW8oVsfibUqfg,2009-05,50.10253032051575,14.39203078586154,4.589,310.3094787597656,90.94051361083984,0.3876911699771881,ok,
20,50.10257820930232,14.391919546511629,QViZyHVjPGtVUcF-kNMh1A,/Users/enzocampofranco/Library/Mobile Documents/com~apple~CloudDocs/TPS/Stage/Python/Robot_Visual_Navigation_V3/data/streetview/images/streetview_0020.jpg,0,Cs7vv0fsGGbbQnB5FjkYVg,2009-05,50.10258825607396,14.39192577237261,1.202,310.10498046875,91.18123626708984,0.09719457477331161,ok,
20,50.10257820930232,14.391919546511629,QViZyHVjPGtVUcF-kNMh1A,/Users/enzocampofranco/Library/Mobile Documents/com~apple~CloudDocs/TPS/Stage/Python/Robot_Visual_Navigation_V3/data/streetview/images/streetview_0020.jpg,1,0djDmCQ13Ar_gb3z8v8adQ,2011-08,50.10261648613086,14.39186896292656,5.58,309.6233215332031,89.16001892089844,0.2752887010574341,ok,
20,50.10257820930232,14.391919546511629,QViZyHVjPGtVUcF-kNMh1A,/Users/enzocampofranco/Library/Mobile Documents/com~apple~CloudDocs/TPS/Stage/Python/Robot_Visual_Navigation_V3/data/streetview/images/streetview_0020.jpg,2,Vtswe1iWCxU_n6_pN_bDSw,2014-05,50.10261984502525,14.39185694570984,6.432,310.3678588867188,89.63976287841797,0.514197587966919,ok,
21,50.10260776976744,14.391865948837209,QViZyHVjPGtVUcF-kNMh1A,/Users/enzocampofranco/Library/Mobile Documents/com~apple~CloudDocs/TPS/Stage/Python/Robot_Visual_Navigation_V3/data/streetview/images/streetview_0021.jpg,0,0djDmCQ13Ar_gb3z8v8adQ,2011-08,50.10261648613086,14.39186896292656,0.993,309.6233215332031,89.16001892089844,0.2752887010574341,ok,
21,50.10260776976744,14.391865948837209,QViZyHVjPGtVUcF-kNMh1A,/Users/enzocampofranco/Library/Mobile Documents/com~apple~CloudDocs/TPS/Stage/Python/Robot_Visual_Navigation_V3/data/streetview/images/streetview_0021.jpg,1,Vtswe1iWCxU_n6_pN_bDSw,2014-05,50.10261984502525,14.39185694570984,1.488,310.3678588867188,89.63976287841797,0.514197587966919,ok,
21,50.10260776976744,14.391865948837209,QViZyHVjPGtVUcF-kNMh1A,/Users/enzocampofranco/Library/Mobile Documents/com~apple~CloudDocs/TPS/Stage/Python/Robot_Visual_Navigation_V3/data/streetview/images/streetview_0021.jpg,2,Cs7vv0fsGGbbQnB5FjkYVg,2009-05,50.10258825607396,14.39192577237261,4.787,310.10498046875,91.18123626708984,0.09719457477331161,ok,
22,50.10263733023256,14.391812351162791,VENk61QWZZn9gP-FpjTPeA,/Users/enzocampofranco/Library/Mobile Documents/com~apple~CloudDocs/TPS/Stage/Python/Robot_Visual_Navigation_V3/data/streetview/images/streetview_0022.jpg,0,JQXx1SdzjMPrqS__2eWCYw,2009-05,50.10264555531717,14.39182009105444,1.068,310.7205200195312,91.47647857666016,359.8648376464844,ok,
22,50.10263733023256,14.391812351162791,VENk61QWZZn9gP-FpjTPeA,/Users/enzocampofranco/Library/Mobile Documents/com~apple~CloudDocs/TPS/Stage/Python/Robot_Visual_Navigation_V3/data/streetview/images/streetview_0022.jpg,1,FGFral2AalSt2hI_3o0PbA,2011-08,50.10267827959355,14.39175622201005,6.063,309.5176696777344,89.53413391113281,359.5458984375,ok,
22,50.10263733023256,14.391812351162791,VENk61QWZZn9gP-FpjTPeA,/Users/enzocampofranco/Library/Mobile Documents/com~apple~CloudDocs/TPS/Stage/Python/Robot_Visual_Navigation_V3/data/streetview/images/streetview_0022.jpg,2,S1fYXjJxY1-2TkxUVVhAgw,2014-05,50.10268508089257,14.39174040279367,7.384,310.1889038085938,89.6369857788086,359.8167724609375,ok,
23,50.10266689069768,14.391758753488372,VENk61QWZZn9gP-FpjTPeA,/Users/enzocampofranco/Library/Mobile Documents/com~apple~CloudDocs/TPS/Stage/Python/Robot_Visual_Navigation_V3/data/streetview/images/streetview_0023.jpg,0,FGFral2AalSt2hI_3o0PbA,2011-08,50.10267827959355,14.39175622201005,1.279,309.5176696777344,89.53413391113281,359.5458984375,ok,
23,50.10266689069768,14.391758753488372,VENk61QWZZn9gP-FpjTPeA,/Users/enzocampofranco/Library/Mobile Documents/com~apple~CloudDocs/TPS/Stage/Python/Robot_Visual_Navigation_V3/data/streetview/images/streetview_0023.jpg,1,S1fYXjJxY1-2TkxUVVhAgw,2014-05,50.10268508089257,14.39174040279367,2.409,310.1889038085938,89.6369857788086,359.8167724609375,ok,
23,50.10266689069768,14.391758753488372,VENk61QWZZn9gP-FpjTPeA,/Users/enzocampofranco/Library/Mobile Documents/com~apple~CloudDocs/TPS/Stage/Python/Robot_Visual_Navigation_V3/data/streetview/images/streetview_0023.jpg,2,JQXx1SdzjMPrqS__2eWCYw,2009-05,50.10264555531717,14.39182009105444,4.977,310.7205200195312,91.47647857666016,359.8648376464844,ok,
24,50.10269645116279,14.391705155813954,Gv8VxIjdWo1YwsMd91rpVg,/Users/enzocampofranco/Library/Mobile Documents/com~apple~CloudDocs/TPS/Stage/Python/Robot_Visual_Navigation_V3/data/streetview/images/streetview_0024.jpg,0,Thz_7bO1iDuasbGaDmzDsA,2011-08,50.10273838925391,14.39164730437169,6.227,309.4919128417969,89.00890350341797,0.2949492335319519,ok,
24,50.10269645116279,14.391705155813954,Gv8VxIjdWo1YwsMd91rpVg,/Users/enzocampofranco/Library/Mobile Documents/com~apple~CloudDocs/TPS/Stage/Python/Robot_Visual_Navigation_V3/data/streetview/images/streetview_0024.jpg,1,03MtK4muRGcud-ayQsg3cw,2009-05,50.10274463732939,14.39164854750559,6.709,309.9827270507812,90.98268127441406,0.7276445627212524,ok,
24,50.10269645116279,14.391705155813954,Gv8VxIjdWo1YwsMd91rpVg,/Users/enzocampofranco/Library/Mobile Documents/com~apple~CloudDocs/TPS/Stage/Python/Robot_Visual_Navigation_V3/data/streetview/images/streetview_0024.jpg,2,CavxsP0rpAE4YjyeiTsS4A,2014-05,50.10274590638191,14.3916315225794,7.604,309.9132690429688,89.24388122558594,0.5086422562599182,ok,
25,50.10272601162791,14.391651558139534,Gv8VxIjdWo1YwsMd91rpVg,/Users/enzocampofranco/Library/Mobile Documents/com~apple~CloudDocs/TPS/Stage/Python/Robot_Visual_Navigation_V3/data/streetview/images/streetview_0025.jpg,0,Thz_7bO1iDuasbGaDmzDsA,2011-08,50.10273838925391,14.39164730437169,1.409,309.4919128417969,89.00890350341797,0.2949492335319519,ok,
25,50.10272601162791,14.391651558139534,Gv8VxIjdWo1YwsMd91rpVg,/Users/enzocampofranco/Library/Mobile Documents/com~apple~CloudDocs/TPS/Stage/Python/Robot_Visual_Navigation_V3/data/streetview/images/streetview_0025.jpg,1,03MtK4muRGcud-ayQsg3cw,2009-05,50.10274463732939,14.39164854750559,2.082,309.9827270507812,90.98268127441406,0.7276445627212524,ok,
25,50.10272601162791,14.391651558139534,Gv8VxIjdWo1YwsMd91rpVg,/Users/enzocampofranco/Library/Mobile Documents/com~apple~CloudDocs/TPS/Stage/Python/Robot_Visual_Navigation_V3/data/streetview/images/streetview_0025.jpg,2,CavxsP0rpAE4YjyeiTsS4A,2014-05,50.10274590638191,14.3916315225794,2.634,309.9132690429688,89.24388122558594,0.5086422562599182,ok,
26,50.102755572093024,14.391597960465116,AKgB30PtZK5m3aHWjbYbgw,/Users/enzocampofranco/Library/Mobile Documents/com~apple~CloudDocs/TPS/Stage/Python/Robot_Visual_Navigation_V3/data/streetview/images/streetview_0026.jpg,0,61XS2V2Le5ml3vM3BjkPuQ,2011-08,50.10279644398506,14.39154134485942,6.079,309.4327087402344,88.40300750732422,359.5103149414062,ok,
26,50.102755572093024,14.391597960465116,AKgB30PtZK5m3aHWjbYbgw,/Users/enzocampofranco/Library/Mobile Documents/com~apple~CloudDocs/TPS/Stage/Python/Robot_Visual_Navigation_V3/data/streetview/images/streetview_0026.jpg,1,Vo8GWAnvKezXbLBDFmp5pg,2009-05,50.10280518467188,14.39153426081348,7.147,308.2498168945312,90.97563171386719,0.08419947326183319,ok,
26,50.102755572093024,14.391597960465116,AKgB30PtZK5m3aHWjbYbgw,/Users/enzocampofranco/Library/Mobile Documents/com~apple~CloudDocs/TPS/Stage/Python/Robot_Visual_Navigation_V3/data/streetview/images/streetview_0026.jpg,2,BCyvQILbxEFSBpSVBRUVYA,2014-05,50.10280379760841,14.39152558972413,7.443,309.8247985839844,89.06375885009766,359.76171875,ok,
27,50.10278513255814,14.391544362790697,AKgB30PtZK5m3aHWjbYbgw,/Users/enzocampofranco/Library/Mobile Documents/com~apple~CloudDocs/TPS/Stage/Python/Robot_Visual_Navigation_V3/data/streetview/images/streetview_0027.jpg,0,61XS2V2Le5ml3vM3BjkPuQ,2011-08,50.10279644398506,14.39154134485942,1.276,309.4327087402344,88.40300750732422,359.5103149414062,ok,
27,50.10278513255814,14.391544362790697,AKgB30PtZK5m3aHWjbYbgw,/Users/enzocampofranco/Library/Mobile Documents/com~apple~CloudDocs/TPS/Stage/Python/Robot_Visual_Navigation_V3/data/streetview/images/streetview_0027.jpg,1,Vo8GWAnvKezXbLBDFmp5pg,2009-05,50.10280518467188,14.39153426081348,2.343,308.2498168945312,90.97563171386719,0.08419947326183319,ok,
27,50.10278513255814,14.391544362790697,AKgB30PtZK5m3aHWjbYbgw,/Users/enzocampofranco/Library/Mobile Documents/com~apple~CloudDocs/TPS/Stage/Python/Robot_Visual_Navigation_V3/data/streetview/images/streetview_0027.jpg,2,BCyvQILbxEFSBpSVBRUVYA,2014-05,50.10280379760841,14.39152558972413,2.47,309.8247985839844,89.06375885009766,359.76171875,ok,
28,50.102814693023255,14.391490765116279,CAoSFkNJSE0wb2dLRUlDQWdJRHFxNnFITUE.,/Users/enzocampofranco/Library/Mobile Documents/com~apple~CloudDocs/TPS/Stage/Python/Robot_Visual_Navigation_V3/data/streetview/images/streetview_0028.jpg,0,mL26ViS3ubK6MfI4Y7UBlQ,2011-08,50.10285221398644,14.39143889531179,5.576,309.404541015625,89.10865020751953,359.6708984375,ok,
28,50.102814693023255,14.391490765116279,CAoSFkNJSE0wb2dLRUlDQWdJRHFxNnFITUE.,/Users/enzocampofranco/Library/Mobile Documents/com~apple~CloudDocs/TPS/Stage/Python/Robot_Visual_Navigation_V3/data/streetview/images/streetview_0028.jpg,1,4hQQRqdjfH-X9OC8xttqgw,2014-05,50.10286073859675,14.39142274328893,7.053,309.7632446289062,89.67288208007812,0.3567222952842712,ok,
28,50.102814693023255,14.391490765116279,CAoSFkNJSE0wb2dLRUlDQWdJRHFxNnFITUE.,/Users/enzocampofranco/Library/Mobile Documents/com~apple~CloudDocs/TPS/Stage/Python/Robot_Visual_Navigation_V3/data/streetview/images/streetview_0028.jpg,2,CKaLVlZFWuU6Kw5J01rqOw,2009-05,50.10286744221474,14.39141594028304,7.93,308.7815856933594,91.24676513671875,0.3212966620922089,ok,
29,50.10284425348837,14.391437167441861,VCqi7NHaIAlVrIKk3hB2pA,/Users/enzocampofranco/Library/Mobile Documents/com~apple~CloudDocs/TPS/Stage/Python/Robot_Visual_Navigation_V3/data/streetview/images/streetview_0029.jpg,0,mL26ViS3ubK6MfI4Y7UBlQ,2011-08,50.10285221398644,14.39143889531179,0.894,309.404541015625,89.10865020751953,359.6708984375,ok,
29,50.10284425348837,14.391437167441861,VCqi7NHaIAlVrIKk3hB2pA,/Users/enzocampofranco/Library/Mobile Documents/com~apple~CloudDocs/TPS/Stage/Python/Robot_Visual_Navigation_V3/data/streetview/images/streetview_0029.jpg,1,4hQQRqdjfH-X9OC8xttqgw,2014-05,50.10286073859675,14.39142274328893,2.102,309.7632446289062,89.67288208007812,0.3567222952842712,ok,
29,50.10284425348837,14.391437167441861,VCqi7NHaIAlVrIKk3hB2pA,/Users/enzocampofranco/Library/Mobile Documents/com~apple~CloudDocs/TPS/Stage/Python/Robot_Visual_Navigation_V3/data/streetview/images/streetview_0029.jpg,2,CKaLVlZFWuU6Kw5J01rqOw,2009-05,50.10286744221474,14.39141594028304,2.99,308.7815856933594,91.24676513671875,0.3212966620922089,ok,
30,50.10287381395349,14.391383569767441,VWgGIWg7JOEMfTs0ElZuTg,/Users/enzocampofranco/Library/Mobile Documents/com~apple~CloudDocs/TPS/Stage/Python/Robot_Visual_Navigation_V3/data/streetview/images/streetview_0030.jpg,0,txBo0E3dDfCKG7z3BICn2A,2011-08,50.10290836833773,14.39133720570478,5.069,310.1133117675781,88.84527587890625,359.7220153808594,ok,
30,50.10287381395349,14.391383569767441,VWgGIWg7JOEMfTs0ElZuTg,/Users/enzocampofranco/Library/Mobile Documents/com~apple~CloudDocs/TPS/Stage/Python/Robot_Visual_Navigation_V3/data/streetview/images/streetview_0030.jpg,1,ZH115n3BtGcpj2s8lshdZA,2009-05,50.10290930517114,14.39133612703514,5.198,310.0852661132812,90.82203674316406,359.8233947753906,ok,
30,50.10287381395349,14.391383569767441,VWgGIWg7JOEMfTs0ElZuTg,/Users/enzocampofranco/Library/Mobile Documents/com~apple~CloudDocs/TPS/Stage/Python/Robot_Visual_Navigation_V3/data/streetview/images/streetview_0030.jpg,2,Zk0tCUEbWITE1X2SjeXyog,2014-05,50.102919345656,14.39131494449474,7.042,309.6994934082031,89.51409149169922,359.7613220214844,ok,
31,50.1029033744186,14.391329972093024,VWgGIWg7JOEMfTs0ElZuTg,/Users/enzocampofranco/Library/Mobile Documents/com~apple~CloudDocs/TPS/Stage/Python/Robot_Visual_Navigation_V3/data/streetview/images/streetview_0031.jpg,0,txBo0E3dDfCKG7z3BICn2A,2011-08,50.10290836833773,14.39133720570478,0.758,310.1133117675781,88.84527587890625,359.7220153808594,ok,
31,50.1029033744186,14.391329972093024,VWgGIWg7JOEMfTs0ElZuTg,/Users/enzocampofranco/Library/Mobile Documents/com~apple~CloudDocs/TPS/Stage/Python/Robot_Visual_Navigation_V3/data/streetview/images/streetview_0031.jpg,1,ZH115n3BtGcpj2s8lshdZA,2009-05,50.10290930517114,14.39133612703514,0.792,310.0852661132812,90.82203674316406,359.8233947753906,ok,
31,50.1029033744186,14.391329972093024,VWgGIWg7JOEMfTs0ElZuTg,/Users/enzocampofranco/Library/Mobile Documents/com~apple~CloudDocs/TPS/Stage/Python/Robot_Visual_Navigation_V3/data/streetview/images/streetview_0031.jpg,2,Zk0tCUEbWITE1X2SjeXyog,2014-05,50.102919345656,14.39131494449474,2.074,309.6994934082031,89.51409149169922,359.7613220214844,ok,
32,50.10293293488372,14.391276374418604,OfBJRDuqeTOlgsxeGkcmiA,/Users/enzocampofranco/Library/Mobile Documents/com~apple~CloudDocs/TPS/Stage/Python/Robot_Visual_Navigation_V3/data/streetview/images/streetview_0032.jpg,0,cU6nngCuDrgn0xqUvcj3Vg,2011-08,50.10296502639392,14.39123533080192,4.615,309.6215209960938,89.29927062988281,359.7401428222656,ok,
32,50.10293293488372,14.391276374418604,OfBJRDuqeTOlgsxeGkcmiA,/Users/enzocampofranco/Library/Mobile Documents/com~apple~CloudDocs/TPS/Stage/Python/Robot_Visual_Navigation_V3/data/streetview/images/streetview_0032.jpg,1,hf7MwjkhFTDDL4GV0b1rfQ,2009-05,50.10297424484712,14.3912168539372,6.255,310.1526794433594,91.77958679199219,359.6679077148438,ok,
32,50.10293293488372,14.391276374418604,OfBJRDuqeTOlgsxeGkcmiA,/Users/enzocampofranco/Library/Mobile Documents/com~apple~CloudDocs/TPS/Stage/Python/Robot_Visual_Navigation_V3/data/streetview/images/streetview_0032.jpg,2,QR07cJ03aOH1DGBOBhSfBw,2014-05,50.10297880556652,14.39120546333285,7.183,309.6979370117188,89.82421875,359.5465087890625,ok,
33,50.102962495348834,14.391222776744186,OfBJRDuqeTOlgsxeGkcmiA,/Users/enzocampofranco/Library/Mobile Documents/com~apple~CloudDocs/TPS/Stage/Python/Robot_Visual_Navigation_V3/data/streetview/images/streetview_0033.jpg,0,cU6nngCuDrgn0xqUvcj3Vg,2011-08,50.10296502639392,14.39123533080192,0.939,309.6215209960938,89.29927062988281,359.7401428222656,ok,
33,50.102962495348834,14.391222776744186,OfBJRDuqeTOlgsxeGkcmiA,/Users/enzocampofranco/Library/Mobile Documents/com~apple~CloudDocs/TPS/Stage/Python/Robot_Visual_Navigation_V3/data/streetview/images/streetview_0033.jpg,1,hf7MwjkhFTDDL4GV0b1rfQ,2009-05,50.10297424484712,14.3912168539372,1.373,310.1526794433594,91.77958679199219,359.6679077148438,ok,
33,50.102962495348834,14.391222776744186,OfBJRDuqeTOlgsxeGkcmiA,/Users/enzocampofranco/Library/Mobile Documents/com~apple~CloudDocs/TPS/Stage/Python/Robot_Visual_Navigation_V3/data/streetview/images/streetview_0033.jpg,2,QR07cJ03aOH1DGBOBhSfBw,2014-05,50.10297880556652,14.39120546333285,2.194,309.6979370117188,89.82421875,359.5465087890625,ok,
34,50.10299205581395,14.391169179069767,x9TPbWSzQPmVp4Qhjq3Tsg,/Users/enzocampofranco/Library/Mobile Documents/com~apple~CloudDocs/TPS/Stage/Python/Robot_Visual_Navigation_V3/data/streetview/images/streetview_0034.jpg,0,iwwDN6Dv8ieAp7mOoWJ9PQ,2009-05,50.10299771052962,14.39117558203925,0.777,310.5676574707031,91.08480072021484,359.8648376464844,ok,
34,50.10299205581395,14.391169179069767,x9TPbWSzQPmVp4Qhjq3Tsg,/Users/enzocampofranco/Library/Mobile Documents/com~apple~CloudDocs/TPS/Stage/Python/Robot_Visual_Navigation_V3/data/streetview/images/streetview_0034.jpg,1,S4fWpS5SWxfz5xeB5hHJnQ,2011-08,50.10302299255161,14.39112943628383,4.457,309.3795166015625,88.90619659423828,0.1139216646552086,ok,
34,50.10299205581395,14.391169179069767,x9TPbWSzQPmVp4Qhjq3Tsg,/Users/enzocampofranco/Library/Mobile Documents/com~apple~CloudDocs/TPS/Stage/Python/Robot_Visual_Navigation_V3/data/streetview/images/streetview_0034.jpg,2,NJZELWDIJEmgJGiabdhniw,2014-05,50.10303673628651,14.39110111746318,6.946,309.9596862792969,88.95639038085938,0.3898378908634186,ok,
35,50.103021616279065,14.391115581395349,x9TPbWSzQPmVp4Qhjq3Tsg,/Users/enzocampofranco/Library/Mobile Documents/com~apple~CloudDocs/TPS/Stage/Python/Robot_Visual_Navigation_V3/data/streetview/images/streetview_0035.jpg,0,S4fWpS5SWxfz5xeB5hHJnQ,2011-08,50.10302299255161,14.39112943628383,1.0,309.3795166015625,88.90619659423828,0.1139216646552086,ok,
35,50.103021616279065,14.391115581395349,x9TPbWSzQPmVp4Qhjq3Tsg,/Users/enzocampofranco/Library/Mobile Documents/com~apple~CloudDocs/TPS/Stage/Python/Robot_Visual_Navigation_V3/data/streetview/images/streetview_0035.jpg,1,NJZELWDIJEmgJGiabdhniw,2014-05,50.10303673628651,14.39110111746318,1.973,309.9596862792969,88.95639038085938,0.3898378908634186,ok,
35,50.103021616279065,14.391115581395349,x9TPbWSzQPmVp4Qhjq3Tsg,/Users/enzocampofranco/Library/Mobile Documents/com~apple~CloudDocs/TPS/Stage/Python/Robot_Visual_Navigation_V3/data/streetview/images/streetview_0035.jpg,2,iwwDN6Dv8ieAp7mOoWJ9PQ,2009-05,50.10299771052962,14.39117558203925,5.038,310.5676574707031,91.08480072021484,359.8648376464844,ok,
36,50.10305117674419,14.39106198372093,uuUizRcQrH9p8MCO6oI_Ag,/Users/enzocampofranco/Library/Mobile Documents/com~apple~CloudDocs/TPS/Stage/Python/Robot_Visual_Navigation_V3/data/streetview/images/streetview_0036.jpg,0,-8y9FrCyS1oZW9fFfyC4nw,2011-08,50.10308049469117,14.39102341155948,4.266,309.4561462402344,89.44795989990234,359.5595703125,ok,
36,50.10305117674419,14.39106198372093,uuUizRcQrH9p8MCO6oI_Ag,/Users/enzocampofranco/Library/Mobile Documents/com~apple~CloudDocs/TPS/Stage/Python/Robot_Visual_Navigation_V3/data/streetview/images/streetview_0036.jpg,1,78fqm-MYVkzSz1Ec06DzgQ,2009-05,50.10308760033509,14.39101849720552,5.101,311.17431640625,90.95914459228516,0.01626411452889442,ok,
36,50.10305117674419,14.39106198372093,uuUizRcQrH9p8MCO6oI_Ag,/Users/enzocampofranco/Library/Mobile Documents/com~apple~CloudDocs/TPS/Stage/Python/Robot_Visual_Navigation_V3/data/streetview/images/streetview_0036.jpg,2,by8y8emJD0Ni_B_JJw_QXA,2014-05,50.10308996055172,14.39100551140261,5.901,310.5141906738281,89.50802612304688,359.9496765136719,ok,
37,50.103080737209304,14.391008386046511,uuUizRcQrH9p8MCO6oI_Ag,/Users/enzocampofranco/Library/Mobile Documents/com~apple~CloudDocs/TPS/Stage/Python/Robot_Visual_Navigation_V3/data/streetview/images/streetview_0037.jpg,0,by8y8emJD0Ni_B_JJw_QXA,2014-05,50.10308996055172,14.39100551140261,1.046,310.5141906738281,89.50802612304688,359.9496765136719,ok,
37,50.103080737209304,14.391008386046511,uuUizRcQrH9p8MCO6oI_Ag,/Users/enzocampofranco/Library/Mobile Documents/com~apple~CloudDocs/TPS/Stage/Python/Robot_Visual_Navigation_V3/data/streetview/images/streetview_0037.jpg,1,78fqm-MYVkzSz1Ec06DzgQ,2009-05,50.10308760033509,14.39101849720552,1.05,311.17431640625,90.95914459228516,0.01626411452889442,ok,
37,50.103080737209304,14.391008386046511,uuUizRcQrH9p8MCO6oI_Ag,/Users/enzocampofranco/Library/Mobile Documents/com~apple~CloudDocs/TPS/Stage/Python/Robot_Visual_Navigation_V3/data/streetview/images/streetview_0037.jpg,2,-8y9FrCyS1oZW9fFfyC4nw,2011-08,50.10308049469117,14.39102341155948,1.072,309.4561462402344,89.44795989990234,359.5595703125,ok,
38,50.10311029767442,14.390954788372092,rzw2Q_CpxPei2kj6lfZWIg,/Users/enzocampofranco/Library/Mobile Documents/com~apple~CloudDocs/TPS/Stage/Python/Robot_Visual_Navigation_V3/data/streetview/images/streetview_0038.jpg,0,Jddjdlf0maIOkp2Pyk1zhQ,2011-08,50.10315864729774,14.39088382574882,7.384,311.0131530761719,89.03333282470703,0.5051865577697754,ok,
38,50.10311029767442,14.390954788372092,rzw2Q_CpxPei2kj6lfZWIg,/Users/enzocampofranco/Library/Mobile Documents/com~apple~CloudDocs/TPS/Stage/Python/Robot_Visual_Navigation_V3/data/streetview/images/streetview_0038.jpg,1,7aQgg5LjudCmfA6zqaHXzw,2009-05,50.10316450213197,14.390885647254,7.787,311.3180236816406,90.83020782470703,0.7822874784469604,ok,
38,50.10311029767442,14.390954788372092,rzw2Q_CpxPei2kj6lfZWIg,/Users/enzocampofranco/Library/Mobile Documents/com~apple~CloudDocs/TPS/Stage/Python/Robot_Visual_Navigation_V3/data/streetview/images/streetview_0038.jpg,2,bQ5v8SeYvOoS5WZ7smgOeQ,2014-05,50.10316229298914,14.39087968189666,7.882,312.3220825195312,89.35246276855469,0.4560099840164185,ok,
39,50.103139858139535,14.390901190697674,rzw2Q_CpxPei2kj6lfZWIg,/Users/enzocampofranco/Library/Mobile Documents/com~apple~CloudDocs/TPS/Stage/Python/Robot_Visual_Navigation_V3/data/streetview/images/streetview_0039.jpg,0,Jddjdlf0maIOkp2Pyk1zhQ,2011-08,50.10315864729774,14.39088382574882,2.429,311.0131530761719,89.03333282470703,0.5051865577697754,ok,
39,50.103139858139535,14.390901190697674,rzw2Q_CpxPei2kj6lfZWIg,/Users/enzocampofranco/Library/Mobile Documents/com~apple~CloudDocs/TPS/Stage/Python/Robot_Visual_Navigation_V3/data/streetview/images/streetview_0039.jpg,1,bQ5v8SeYvOoS5WZ7smgOeQ,2014-05,50.10316229298914,14.39087968189666,2.929,312.3220825195312,89.35246276855469,0.4560099840164185,ok,
39,50.103139858139535,14.390901190697674,rzw2Q_CpxPei2kj6lfZWIg,/Users/enzocampofranco/Library/Mobile Documents/com~apple~CloudDocs/TPS/Stage/Python/Robot_Visual_Navigation_V3/data/streetview/images/streetview_0039.jpg,2,7aQgg5LjudCmfA6zqaHXzw,2009-05,50.10316450213197,14.390885647254,2.956,311.3180236816406,90.83020782470703,0.7822874784469604,ok,
40,50.10316941860465,14.390847593023254,rzw2Q_CpxPei2kj6lfZWIg,/Users/enzocampofranco/Library/Mobile Documents/com~apple~CloudDocs/TPS/Stage/Python/Robot_Visual_Navigation_V3/data/streetview/images/streetview_0040.jpg,0,bQ5v8SeYvOoS5WZ7smgOeQ,2014-05,50.10316229298914,14.39087968189666,2.422,312.3220825195312,89.35246276855469,0.4560099840164185,ok,
40,50.10316941860465,14.390847593023254,rzw2Q_CpxPei2kj6lfZWIg,/Users/enzocampofranco/Library/Mobile Documents/com~apple~CloudDocs/TPS/Stage/Python/Robot_Visual_Navigation_V3/data/streetview/images/streetview_0040.jpg,1,7aQgg5LjudCmfA6zqaHXzw,2009-05,50.10316450213197,14.390885647254,2.769,311.3180236816406,90.83020782470703,0.7822874784469604,ok,
40,50.10316941860465,14.390847593023254,rzw2Q_CpxPei2kj6lfZWIg,/Users/enzocampofranco/Library/Mobile Documents/com~apple~CloudDocs/TPS/Stage/Python/Robot_Visual_Navigation_V3/data/streetview/images/streetview_0040.jpg,2,Jddjdlf0maIOkp2Pyk1zhQ,2011-08,50.10315864729774,14.39088382574882,2.848,311.0131530761719,89.03333282470703,0.5051865577697754,ok,
41,50.10319897906977,14.390793995348837,cpcDuicr3uWoMheEhLueZg,/Users/enzocampofranco/Library/Mobile Documents/com~apple~CloudDocs/TPS/Stage/Python/Robot_Visual_Navigation_V3/data/streetview/images/streetview_0041.jpg,0,ZXWP8ZHGNruUxnJX5f526g,2011-08,50.10321437244471,14.39078997108727,1.736,312.2379760742188,90.11526489257812,359.8032836914062,ok,
41,50.10319897906977,14.390793995348837,cpcDuicr3uWoMheEhLueZg,/Users/enzocampofranco/Library/Mobile Documents/com~apple~CloudDocs/TPS/Stage/Python/Robot_Visual_Navigation_V3/data/streetview/images/streetview_0041.jpg,1,QINAVQ_OLtgnURZcrsYXng,2014-05,50.10322483099637,14.39080796177709,3.042,334.08984375,90.287353515625,359.6904296875,ok,
41,50.10319897906977,14.390793995348837,cpcDuicr3uWoMheEhLueZg,/Users/enzocampofranco/Library/Mobile Documents/com~apple~CloudDocs/TPS/Stage/Python/Robot_Visual_Navigation_V3/data/streetview/images/streetview_0041.jpg,2,s0oL83w1dLGp1fKn8lx-YA,2009-05,50.10322182384097,14.39075949057178,3.537,291.7389526367188,91.91168975830078,359.6461181640625,ok,
42,50.10322853953488,14.390740397674417,cpcDuicr3uWoMheEhLueZg,/Users/enzocampofranco/Library/Mobile Documents/com~apple~CloudDocs/TPS/Stage/Python/Robot_Visual_Navigation_V3/data/streetview/images/streetview_0042.jpg,0,s0oL83w1dLGp1fKn8lx-YA,2009-05,50.10322182384097,14.39075949057178,1.553,291.7389526367188,91.91168975830078,359.6461181640625,ok,
42,50.10322853953488,14.390740397674417,cpcDuicr3uWoMheEhLueZg,/Users/enzocampofranco/Library/Mobile Documents/com~apple~CloudDocs/TPS/Stage/Python/Robot_Visual_Navigation_V3/data/streetview/images/streetview_0042.jpg,1,ZXWP8ZHGNruUxnJX5f526g,2011-08,50.10321437244471,14.39078997108727,3.871,312.2379760742188,90.11526489257812,359.8032836914062,ok,
42,50.10322853953488,14.390740397674417,cpcDuicr3uWoMheEhLueZg,/Users/enzocampofranco/Library/Mobile Documents/com~apple~CloudDocs/TPS/Stage/Python/Robot_Visual_Navigation_V3/data/streetview/images/streetview_0042.jpg,2,QINAVQ_OLtgnURZcrsYXng,2014-05,50.10322483099637,14.39080796177709,4.836,334.08984375,90.287353515625,359.6904296875,ok,
43,50.10320878277395,14.390780925750732,cpcDuicr3uWoMheEhLueZg,/Users/enzocampofranco/Library/Mobile Documents/com~apple~CloudDocs/TPS/Stage/Python/Robot_Visual_Navigation_V3/data/streetview/images/streetview_0043.jpg,0,ZXWP8ZHGNruUxnJX5f526g,2011-08,50.10321437244471,14.39078997108727,0.896,312.2379760742188,90.11526489257812,359.8032836914062,ok,
43,50.10320878277395,14.390780925750732,cpcDuicr3uWoMheEhLueZg,/Users/enzocampofranco/Library/Mobile Documents/com~apple~CloudDocs/TPS/Stage/Python/Robot_Visual_Navigation_V3/data/streetview/images/streetview_0043.jpg,1,s0oL83w1dLGp1fKn8lx-YA,2009-05,50.10322182384097,14.39075949057178,2.107,291.7389526367188,91.91168975830078,359.6461181640625,ok,
43,50.10320878277395,14.390780925750732,cpcDuicr3uWoMheEhLueZg,/Users/enzocampofranco/Library/Mobile Documents/com~apple~CloudDocs/TPS/Stage/Python/Robot_Visual_Navigation_V3/data/streetview/images/streetview_0043.jpg,2,QINAVQ_OLtgnURZcrsYXng,2014-05,50.10322483099637,14.39080796177709,2.627,334.08984375,90.287353515625,359.6904296875,ok,
